source,title,url,score,scraped_at
Hacker News,"AV1: A Modern, Open Codec",https://netflixtechblog.com/av1-now-powering-30-of-netflix-streaming-02f592242d80,191,2025-12-04T22:15:27.761603
Hacker News,"BMW PHEV: When EU engineering becomes a synonym for ""unrepairable"" (EV Clinic)",https://evclinic.eu/2025/12/04/2021-phev-bmw-ibmucp-21f37e-post-crash-recovery-when-eu-engineering-becomes-a-synonym-for-unrepairable-generating-waste/,76,2025-12-04T22:15:27.761936
Hacker News,Trick users and bypass warnings – Modern SVG Clickjacking attacks,https://lyra.horse/blog/2025/12/svg-clickjacking/,55,2025-12-04T22:15:27.762213
Hacker News,How Brussels writes so many laws,https://www.siliconcontinent.com/p/how-brussels-writes-so-many-laws,24,2025-12-04T22:15:27.762448
Hacker News,NeurIPS 2025 Best Paper Awards,https://blog.neurips.cc/2025/11/26/announcing-the-neurips-2025-best-paper-awards/,25,2025-12-04T22:15:27.762606
Hacker News,CUDA-l2: Surpassing cuBLAS performance for matrix multiplication through RL,https://github.com/deepreinforce-ai/CUDA-L2,88,2025-12-04T22:15:27.762755
Hacker News,"The Ofcom Files, Part 4: Ofcom Rides Again",https://prestonbyrne.com/2025/12/04/the-ofcom-files-part-4-ofcom-rides-again/,43,2025-12-04T22:15:27.762894
Hacker News,Multivox: Volumetric Display,https://github.com/AncientJames/multivox,239,2025-12-04T22:15:27.763034
Hacker News,Transparent leadership beats servant leadership,https://entropicthoughts.com/transparent-leadership-beats-servant-leadership,379,2025-12-04T22:15:27.763185
Hacker News,State of AI: An Empirical 100T Token Study with OpenRouter,https://openrouter.ai/state-of-ai,122,2025-12-04T22:15:27.763323
Hacker News,StardustOS: Library operating system for building light-weight Unikernels,https://github.com/StardustOS,33,2025-12-04T22:15:27.763578
Hacker News,Thoughts on Go vs. Rust vs. Zig,https://sinclairtarget.com/blog/2025/08/thoughts-on-go-vs.-rust-vs.-zig/,243,2025-12-04T22:15:27.763768
Hacker News,Why are 38 percent of Stanford students saying they're disabled?,https://reason.com/2025/12/04/why-are-38-percent-of-stanford-students-saying-theyre-disabled/,505,2025-12-04T22:15:27.763918
Hacker News,How elites could shape mass preferences as AI reduces persuasion costs,https://arxiv.org/abs/2512.04047,500,2025-12-04T22:15:27.764057
Hacker News,Django 6,https://docs.djangoproject.com/en/6.0/releases/6.0/,245,2025-12-04T22:15:27.764189
Hacker News,CSS now has an if() conditional function,https://caniuse.com/?search=if,46,2025-12-04T22:15:27.764322
Hacker News,"Help, My Java Object Vanished (and the GC Is Not at Fault)",https://arraying.de/posts/markword/,25,2025-12-04T22:15:27.764452
Hacker News,Show HN: Onlyrecipe 2.0 – I added all features HN requested – 4 years later,https://onlyrecipeapp.com/?url=https://www.allrecipes.com/turkish-pasta-recipe-8754903,136,2025-12-04T22:15:27.764583
Hacker News,We gave 5 LLMs $100K to trade stocks for 8 months,https://www.aitradearena.com/research/we-ran-llms-for-8-months,175,2025-12-04T22:15:27.764713
Hacker News,PyTogether: Collaborative lightweight real-time Python IDE for teachers/learners,https://github.com/SJRiz/pytogether,66,2025-12-04T22:15:27.764843
Hacker News,What is better: a lookup table or an enum type?,https://www.cybertec-postgresql.com/en/lookup-table-or-enum-type/,14,2025-12-04T22:15:27.764971
Hacker News,I ignore the spotlight as a staff engineer,https://lalitm.com/software-engineering-outside-the-spotlight/,424,2025-12-04T22:15:27.765100
Hacker News,Converge (YC S23) is hiring a martech expert in NYC,https://www.runconverge.com/careers/technical-customer-success-manager,0,2025-12-04T22:15:27.765216
Hacker News,Fighting the age-gated internet,https://www.wired.com/story/age-verification-is-sweeping-the-us-activists-are-fighting-back/,177,2025-12-04T22:15:27.765430
Hacker News,A Cozy Mk IV light aircraft crashed after 3D-printed part was weakened by heat,https://www.bbc.com/news/articles/c1w932vqye0o,223,2025-12-04T22:15:27.765587
Hacker News,Autism should not be treated as a single condition,https://www.economist.com/science-and-technology/2025/12/03/why-autism-should-not-be-treated-as-a-single-condition,213,2025-12-04T22:15:27.765726
Hacker News,It’s time to free JavaScript (2024),https://javascript.tm/letter,670,2025-12-04T22:15:27.765865
Hacker News,Oedipus is about the act of figuring out what Oedipus is about,https://interconnected.org/home/2025/11/07/oedipus,5,2025-12-04T22:15:27.765997
Hacker News,PGlite – Embeddable Postgres,https://pglite.dev/,518,2025-12-04T22:15:27.766135
Hacker News,Functional Quadtrees,https://lbjgruppen.com/en/posts/functional-quadtree-clojure,117,2025-12-04T22:15:27.766268
Reddit r/technology,YouTuber accidentally crashes the rare plant market with a viral cloning technique,https://www.dexerto.com/youtube/youtuber-accidentally-crashes-the-rare-plant-market-with-a-viral-cloning-technique-3289808/,8562,2025-12-04T22:15:28.427381
Reddit r/technology,From holiday movies to festive flavours. It's on Prime.,https://alb.reddit.com/cr?za=mPj2jWG7DZlnIX9eqrjuGGvTMq0VVRRPcU9on3djIyO7S-jacu1FvRj-hhsoa-8QgOhWqoy718G7UpE29_2d9Ksh_-oFFL-iHV4_aeQp9_WHSjFYFcz6mIKdEaff_tINl_hDCngF73vwG8H8-pV8Ujo68DkaGat9cIWmwlNDoNHZR3IhKviDqycYJdybVphda9-lAALzGRU7UethnU5pTvyXUrhq9MWQhO3SsUD-QNVArTuYET7azrr_cs605BjvzZ9wWnGqnNDxsXdeVXc7YKFRPEgnKNHczeciGrGuPu5l2YH5-MQaou9yjiOtUpwXc8elayff-OH7Aj7elXPL5kn10c9Se8wlfungaYOdLqzL2ZnGkTkqSO-vjsIB9VU7qCwfGuDy_KkHbQIZgkJ1aJFl0Y_imOW5od62NmMOqN7LXkx-jpe7o6-oyLXbeQZGHCyyMuVcWncMrJUJ9MSzTvv4aUrOFyGQBSC6mvZWdaOx9Y_eddfq8uY49E1VS6UwQb34e22I6WPAJFzx6N_wx55E8z8yaW67JiiBhml1xJkhQhl-Vg&zp=LeJbMGRT2F_kJ2OHcVLVnyJdmUy3OYSxtPwLysrXoJuzzsX_WimTBlp_q86Kj45GG0g92QmWx9NmzdDstCZml2EDODCAsxfWgJTCPdwTTGK8GB_LdyJRH_irFaYbucU5V23FconiViQSE2QKdRrwGgYehX1tHzTkWMLrVOYhwW89zY1hli21OyvLacaHcF7tFHdk-R3DpwHBkHoe6EIcPBCvHpWpR0RJbRaUQmu2QpLZSVhIC_p2M2_hJRunyohsJbDzqbTTUdywzpm9RE4m_jRHGNe_SMLfRE3ufoF6peoS-nYNr8b3AWwVDE8NGGYOa5hXoh74eVCJg9bbHdkMKamVypAN8Uwh7SOduG4rOuJ96JskItSCTCNk__8V4orYnrILzSuYSs7yWniIlLKKwGyRJxB_5Pg-XMIicbVP2QxnMN99Qv0p0zd3d0E-TOJb7pxwYgLGWyvR8SDgDOfIZvytOOtslzR57uoj1mvUdh_5wKmjv0qkzQ,2,2025-12-04T22:15:28.427506
Reddit r/technology,"Google's Agentic AI wipes user's entire HDD without permission in catastrophic failure — cache wipe turns into mass deletion event as agent apologizes: “I am absolutely devastated to hear this. I cannot express how sorry I am""",https://www.tomshardware.com/tech-industry/artificial-intelligence/googles-agentic-ai-wipes-users-entire-hard-drive-without-permission-after-misinterpreting-instructions-to-clear-a-cache-i-am-deeply-deeply-sorry-this-is-a-critical-failure-on-my-part,13499,2025-12-04T22:15:28.427619
Reddit r/technology,A New Anonymous Phone Carrier Lets You Sign Up With Nothing but a Zip Code | Privacy stalwart Nicholas Merrill spent a decade fighting an FBI surveillance order. Now he wants to sell you phone service—without knowing almost anything about you,https://www.wired.com/story/new-anonymous-phone-carrier-sign-up-with-nothing-but-a-zip-code/,2620,2025-12-04T22:15:28.427733
Reddit r/technology,"CDC vaccine panel realizes again it has no idea what it’s doing, delays big vote | Today’s meeting was chaotic and included garbage anti-vaccine presentations.",https://arstechnica.com/health/2025/12/cdc-vaccine-panel-realizes-again-it-has-no-idea-what-its-doing-delays-big-vote/,0,2025-12-04T22:15:28.427872
Reddit r/technology,Mid-size game company in Japan asks potential recruits to draw in front of them to avoid generative AI fraud,https://automaton-media.com/en/news/mid-size-game-company-in-japan-asks-potential-recruits-to-draw-in-front-of-them-to-avoid-generative-ai-fraud/,3937,2025-12-04T22:15:28.427992
Reddit r/technology,Microsoft will raise prices of commercial Office subscriptions in July,https://www.cnbc.com/2025/12/04/microsoft-will-raise-prices-of-commercial-office-bundles-in-july-.html,801,2025-12-04T22:15:28.428106
Reddit r/technology,Why One Man Is Fighting for Our Right to Control Our Garage Door Openers,https://www.nytimes.com/2025/12/04/technology/personaltech/why-one-man-is-fighting-for-our-right-to-control-our-garage-door-openers.html?unlocked_article_code=1.6E8.WICV.FoyNSeBCT46N,1228,2025-12-04T22:15:28.428220
Reddit r/technology,Tesla Europe registrations drop 36% in November,https://www.automotiveworld.com/news/tesla-europe-registrations-drop-36-in-november/,1596,2025-12-04T22:15:28.428341
Reddit r/technology,Join us for Make The Season Kind on Dec. 5✨,https://alb.reddit.com/cr?za=irnV8ZapL2rbTK7FVn5w1S6-rNx2-bRYX5SDN1CYgbIu2MMT2l6qrZ9zUpd66AYIis1rnqfAZt0EVGBSpP0KHEIvOeQAIbZC62f0fGfpkVh5H0EkgfqIzRotfLxgNdYX4UyRv8nXj28Gs0SEyxIhoYRzAn1h2Lx1TrE5pJ3Mbi4EyyudkyWptc43hKztOo2p7E5n1IHNDwClz8QZ1gAGwzQ0vaUIIMdoSWAJx_Eg4ggNClVn7Luy9ZZJKPfWlqhm4krM3kqfbQxaTWWPbxm2Mf-tqPv_DV4ufQ62iwG5oDhOd154EWm7ZMxtzBQ5MEJt3ERvji0AuCA7Ysibk9OCRFY1d2tcbF4LoggpvwVrf-HJxcQn15vAac32xMxCMGnGyZXCgibk2z1HhCZXPLHFzuBdPjjMIrA0md9PpnY96OTr5565_MXk1mKOtqQQa5SfqbMvTg8R9UAzhyYlhH3R4A29bRhITSTjLAjJzQr2fqPraPBlPACPD9kpbYnhD8f_EJ0ZPc6H56wZGK8Nxvi6gqpwpde2PzChw_-Wd7uJH5gMKqHNWzNgxhMkXJMjJVPS6g_-fLGlyAPQU667B7a1gReDy7jYXysjpGw&zp=b0_DOBBjXBZcCXpLXAITxJZMCDBxHlnjFXp3RKGO6QmMw_1IxG7TE57tNu3cPbplRWMrdupu0vh6R1wRGijRJLd2hh4z5tx8s5ceiJaPJL_K6VlRqks7EImlyVg1kefrJ7KSZVufSDJDEkrKzUdUUlJAZw8K4uaip869R07FB1b_FOzuguVW-FAnWMHJotXR61gjchobs-pCKrG-_mLwDnY6JjA31Libw73mwTQYVxhBRxxGdk1jWOfwa2dN-AWIIX4wEO0SEHXZLVmu,0,2025-12-04T22:15:28.428474
Reddit r/technology,YouTubers Are Making AI Slop for Babies | As if usual content for children isn't bad enough.,https://gizmodo.com/youtubers-are-making-ai-slop-for-babies-2000695171,726,2025-12-04T22:15:28.428599
Reddit r/technology,OpenAI loses fight to keep ChatGPT logs secret in copyright case,https://www.reuters.com/legal/government/openai-loses-fight-keep-chatgpt-logs-secret-copyright-case-2025-12-03/,11943,2025-12-04T22:15:28.428721
Reddit r/technology,The era of ads in ChatGPT begins – users furious as even $200 a month Pro subscribers hit with app suggestions,https://www.techradar.com/ai-platforms-assistants/chatgpt/the-era-of-ads-in-chatgpt-begins-users-furious-as-even-usd200-a-month-pro-subscribers-hit-with-app-suggestions,8562,2025-12-04T22:15:28.428850
Reddit r/technology,Republicans drop President-ordered block on state AI laws from defense bill | “Widespread and powerful movement” keeps President from blocking state AI laws.,https://arstechnica.com/tech-policy/2025/12/republicans-once-again-thwart-trumps-push-to-block-state-ai-laws/,464,2025-12-04T22:15:28.428974
Reddit r/technology,Live facial recognition cameras planned for every town centre in the UK,https://www.telegraph.co.uk/politics/2025/12/04/live-facial-recognition-cameras-planned-for-every-town-cent/,147,2025-12-04T22:15:28.429090
Reddit r/technology,Palantir CEO Says Making War Crimes Constitutional Would Be Good for Business,https://gizmodo.com/palantir-ceo-says-making-war-crimes-constitutional-would-be-good-for-business-2000695162,18314,2025-12-04T22:15:28.429201
Reddit r/technology,"""A disaster waiting to happen"" – The privacy tech world reacts to the new Chat Control bill",https://www.techradar.com/vpn/vpn-privacy-security/a-disaster-waiting-to-happen-the-privacy-tech-world-reacts-to-the-new-chat-control-bill,937,2025-12-04T22:15:28.429325
Reddit r/technology,It’s a Coca-Cola Holiday,https://alb.reddit.com/cr?za=8d6AMgt1GKgH75Wd9WSXsSmyauOtlSu6IqgoiMSPrWux8WwgTvmrDOhID-AUI5w9cGMozIyAwsL7Yjy25YvSlU6pzDcgQPyGhdWgsgXqDnzRZPXBZYrUdEP-3cna_3toou4Ebuq3dggKKFQvE1Y6Nndfo8MV3ni5G2cGorYcHPOgZ9XzFMB3F0iRZByAXX4HsdRvj6rupMvUJv80urvYf8gOtGmDc1Ger1GRVU6snbycdk-1U-n0KCjSbfsymO9GYpXfCLaWtbkLG3VYEsu92FR5mFGHWEJBnKmMD8yTbrd5myGne5nH4fc1Tu4JtqxXnB2ywKZpWQUWXyb98WykMgXdX5z6krWYII3kGqmDvu2lSIC2bZVFMe2wJMszoD1K6aN-wWrbv8WlwbsZHzmRcJq3sm4Ok9HVN_AtO0SfOCCgSc7VFdQlqQCLuneWjtJMcUSaNHOAE6PeG_4p6wQkK0O66DUIUoodKI5p4wF-1bxyNwaCsfRq1QhxCAeSkyyiArEF9O5LMkRVBtNNYXcoMMzo0z3sbrzRFWmpEZCP4hY5JBdev38_tN8oCI7gbCR2LPMuuBCkEXQpXSGjTmqgg9qf0y6AbX-wLLGc&zp=7jDVS7sKlY9UEoE8tmwEllPnFYH4_pEpWl1cmhhvWIPC6hArQJghGIG4ddptC1B6y7WughVEBdOyvaISpmaR2AOOKdLe9r5Gzl0ITdXNnubVm-aVteZkyHbhzJlwht48eqBig8Mj4MgX4gp5RIHmp1Azz5BCnOXRUGnw2QxtyWXW3k3k8GZWnnQAEu8skma8h7ohbQq2B-Vz2l3yKVf0C_H6NTHso0ihoSXCkl5d2vtzXA3xbkNTkfPDAx2y-2HNiwZTScF3OXKbvRyOXkr8E6uLGgIgqkJJHjkza6BZ9kwAXawbkwf1Hnrad1jFqoOB-a2qBmZPHuTQTUeWFsUZ-0sy-uWoFisUWnDx3Ex6X4VmcpeQlnuTCRjC_9BnwIrPmfACGrPX549h9fACjS9PSyEspsau36o1u2kESUS1UQPrs1ps-4xdDOdKc6GO_vapy3mJFlcaeBiaPCmI,0,2025-12-04T22:15:28.429439
Reddit r/technology,Contractors with hacking records accused of wiping 96 govt databases,https://www.bleepingcomputer.com/news/security/contractors-with-hacking-records-accused-of-wiping-96-govt-databases/,185,2025-12-04T22:15:28.429552
Reddit r/technology,"Reddit’s CEO says r/popular ‘sucks,’ and it’s going away / ﻿Reddit is also limiting how many popular communities one person can moderate, and pushing more personalized feeds.",https://www.theverge.com/news/837780/reddit-r-popular-community-going-away-steve-huffman,15589,2025-12-04T22:15:28.429664
Reddit r/technology,South Korea developing app that shows real-time location of stalkers,https://www.bbc.com/news/articles/cp84y7jx2pzo,280,2025-12-04T22:15:28.429775
Reddit r/technology,Crucial is shutting down — because Micron wants to sell its RAM and SSDs to AI companies instead,https://www.theverge.com/news/837594/crucial-ram-ssd-micron-ai,1530,2025-12-04T22:15:28.429884
Reddit r/technology,Cities: Skylines II Is Secretly a Car Game—and it Doesn't Suck Anymore,https://www.thedrive.com/news/cities-skylines-ii-is-secretly-a-car-game-and-it-doesnt-suck-anymore,141,2025-12-04T22:15:28.429994
Reddit r/technology,Morgan Stanley Considers Offloading Some of Its Data-Center Exposure,https://www.bloomberg.com/news/articles/2025-12-03/morgan-stanley-sounds-out-investors-for-srt-tied-to-data-centers,299,2025-12-04T22:15:28.430105
Reddit r/technology,Nvidia lobbies White House and wins loosened AI GPU export control to China,https://www.tomshardware.com/tech-industry/artificial-intelligence/nvidia-lobbies-white-house-and-wins-loosened-ai-gpu-export-control-to-china-u-s-lawmakers-reportedly-reject-gain-ai-act,172,2025-12-04T22:15:28.430218
Reddit r/programming,Remember XKCD’s legendary dependency comic? I finally built the thing we all joked about.,https://stacktower.io/,784,2025-12-04T22:15:28.317397
Reddit r/programming,"Settle for more binge! Get more from your next phone plan — stream more, share more, and stay connected.",https://alb.reddit.com/cr?za=Liptmo18rtAmFuzq0Sf6o4gatsIelKpiK2wE9_a9lO-0uPHgUDTvtIiVKlSmp1Qpy46GDCsJAW_as2aVGnv9aFIM3D3VboNpp-ssa29HUQurf5zpIZPCPz-GEhq3AR7cW8Gq_cZpCadgDbtSTvFTB6VDrrahDwkFH3oSaUyXwwIKuCIApgPPl1NVxGA08E27SYhloz993BYv0AxrQW_u7IAucImpfCGQFAtCzwkq-qLwXmIoEHdz34adXiJrDMn8zyVaHDtMLSC63VIrhWoGEojb5rbszj7YiudYqBcpNIleZJE0JiG51hTsRIq8NdRR5ZXgU9M4vzUcCbxpjKeIr0-CdRWmNhgAO5guZ_-vcd9e-dDItmcD7E7tCMvLB7dlQF4yG9L2WwMt79iPMCSzRbSApi4yr-_nUQhlH4_hdZafnbYOiW3ZpYrozTYHlqkQGchW1Hms7xqJpGqluj4VE4lw55PBjvBlcDQ2k13mTbjpiBnO0ckstRamPydQl9SOxBIBY8DAinZQW-n_MgHtoSlS4lPh-Z465fpKDw22tQi6NLKoWe2lSJdxBBeCbd44lL_wDWQ4mkxZT8NruVBUugThJRodEP0UA31QA3WCfQ&zp=w1qiFf3AI3YiqrvnxwYrDDV2xhLfz2KykiQQgr-XFMd-8vGCtZdpmNEf-BWZviZrOmVBf65TugKPvD7YSLoRHcSG__ZdJ1MOraDL8_isV1ia0IF_o0eUYuJa54-DNbR0RKqCUsQ0lxECf6ll9lnbUbKAgyYudyFm3fNn4v0x4n0ZitKe7CoecNzP1Uk_M3IZIdWGMkJsrFfGKHqH5vxobDMh89tlAvdOWo_Ke3ql3und7_zF68HVCXRw046r6R9bWQxI8d5jB6EpmHNGtaaXVJ6ArB6S6xqo-Mg48rZcwXCiA1CDNO3jNHkobZOX2kGqa8Ov3aOfNuFF3if__7iZRuxGLCrf_xnvxIpLJ72jALW32Tm5rrOoMi2VU-g2H-nCGJTi69HSPdny1-mMC-0muvCVwCPgzU6O29mFjue9-2Q8B5Y8beLAlT73spoLn2FWg4s7e_2DuDFROlXnockE5zj_1ia6HziSb8kagympulrRGGEoQKvSzautQln8bVuwlvOM8ghLwm3KW7ydpy_swQP7yQNzm4Nt5wwj_U5Q9XEsKBAhQSGlgc_hq80hBpKlHvGp6s-szyI_H6555wKT,0,2025-12-04T22:15:28.317536
Reddit r/programming,Prompt injection within GitHub Actions: Google Gemini and multiple other fortunate 500 companies vulnerable,https://www.aikido.dev/blog/promptpwnd-github-actions-ai-agents,525,2025-12-04T22:15:28.317636
Reddit r/programming,Why WinQuake exists and how it works,https://fabiensanglard.net/winquake/index.html,64,2025-12-04T22:15:28.317729
Reddit r/programming,"Petition: Oracle, it’s time to free JavaScript.",https://javascript.tm/letter,107,2025-12-04T22:15:28.317822
Reddit r/programming,Distributed Lock Failure: How Long GC Pauses Break Concurrency,https://systemdr.substack.com/p/distributed-lock-failure-how-long,11,2025-12-04T22:15:28.317916
Reddit r/programming,Meta Is Killing Messenger Desktop Apps… PWAs Are Finally Taking Over?,https://www.cnet.com/tech/services-and-software/meta-is-shutting-down-its-mac-and-windows-messenger-apps-what-you-need-to-know/,344,2025-12-04T22:15:28.318009
Reddit r/programming,I ignore the spotlight as a staff engineer,https://lalitm.com/software-engineering-outside-the-spotlight/,15,2025-12-04T22:15:28.318102
Reddit r/programming,Anthropic Internal Study Shows AI Is Taking Over Boring Code. But Is Software Engineering Losing Its Soul?,https://www.interviewquery.com/p/anthropic-ai-skill-erosion-report,108,2025-12-04T22:15:28.318203
Reddit r/programming,Reverse engineering a $1B Legal AI tool exposed 100k+ confidential files,https://alexschapiro.com/security/vulnerability/2025/12/02/filevine-api-100k,535,2025-12-04T22:15:28.318297
Reddit r/programming,A critical vulnerability has been identified in the React Server Components protocol,https://nextjs.org/blog/CVE-2025-66478,13,2025-12-04T22:15:28.318391
Reddit r/programming,Join us for Make The Season Kind on Dec. 5✨,https://alb.reddit.com/cr?za=TW6RQNBMaaJL71U6laWcLM_BjHKw-NosWrHkuWZ3h03-UwOr_BJ_Qkz-CjYAeyuLNDPThd4IRvDoeXQmOPKzDeIRLHrHOBUuaR1L_09AIBgT6Aeuv9n1BOYB23cGYRP-uXEtnaJUvGhj65SNOCthDyxo9vH7KrDf6tB4tGt8wZuGMwUJjEGhgNYDcka7espq1FR1fR5SF2D3kcIxN9eYpcm-7dXqUZihNk5sRrgn_Fgg1bOgGED0eQ3V5bVfn38hwvMR38lhBC7No0jkMvHeSwT9NXctmn0hAoEdP2yCeUssVVFuvg94ocM5TAqZnqjlUz0dfPNYiB6JaVgttPptTwDMODtAHmnADE5iCArZFGzinsHLiBjS9MNDK0-km0AXoG4AfWdfFLl0QhrdvwLItnRIqZmfW8H5ItuK4BtpH2PhaY2fdE_jNfad2mFMzeGhFAacJS77aWZntQGj_9CXw3tXG2oMwk_74Tivsfae6H73Ml5baV27uY901Yl4SzB3SZK5aUfdHt2E_IQaM5QTz8lT8VB693cRYsluIst_oRYB9rdzBWFPLZ9C4lCZNX9PDvH6tt8gOEcRH7X_dDD86iCXYPz9zqTHMTEzr2up&zp=C5XDaqUBPSKUyyF4ogiPgY6EsRrOP1jwnyPUL0VbbGIQe_dmpVQ4O9Utu26H0-C-tAbWloSlctst5iXHnc9Wow8AXeI46eGb7I-EDf7RR41nmIucFGV-2JDFJoaIC797lHMn1wr2kOAwfDnspRn8TOAsGN64joyoFjxB_ShwW0n2EzRrsVA5_kGwWX-Qeoe-W6mjwDCc9hI4aQX0y0luQCLZokP44GHIMLS4YmXYxIa7MtOudGzCzKog6I1DyHn_9_I9qUdOQeXMXGMX,0,2025-12-04T22:15:28.318510
Reddit r/programming,Factoring With Two Large Primes in Python and CUDA,https://leetarxiv.substack.com/p/factoring-with-two-large-primes,0,2025-12-04T22:15:28.318604
Reddit r/programming,Code editor Zed adds long-awaited rainbow brackets for improved nested code readability,https://alternativeto.net/news/2025/12/code-editor-zed-adds-long-awaited-rainbow-brackets-for-improved-nested-code-readability/,3,2025-12-04T22:15:28.318699
Reddit r/programming,Untapped Potential in the Java Build Tool Experience,https://javapro.io/2025/10/23/untapped-potential-in-the-java-build-tool-experience/,0,2025-12-04T22:15:28.318805
Reddit r/programming,Try Out JEP 401 Value Classes and Objects,https://inside.java/2025/10/27/try-jep-401-value-classes/,0,2025-12-04T22:15:28.318913
Reddit r/programming,Prometheus woke me up. I decided to get to know it better,https://cefboud.com/posts/prometheus-monitoring-alertmanager-internals-tsdb/,1,2025-12-04T22:15:28.319014
Reddit r/programming,Distributed Systems – A Deep Dive,https://newsletter.systemdesign.one/p/distributed-systems,2,2025-12-04T22:15:28.319112
Reddit r/programming,Django 6 New Features (2025): Full Breakdown with Examples,https://pythonjournals.com/django-6-new-features-2025/,22,2025-12-04T22:15:28.319206
Reddit r/programming,JDK 26 Rampdown Phase One. Feature Complete,https://openjdk.org/projects/jdk/26/,1,2025-12-04T22:15:28.319298
Reddit r/programming,"Booting a Linux kernel in qemu and writing PID 1 in Go (to show the kernel is ""just a program"")",https://serversfor.dev/linux-inside-out/the-linux-kernel-is-just-a-program/,272,2025-12-04T22:15:28.319391
Reddit r/programming,Home Games Deserve Pepsi.,https://alb.reddit.com/cr?za=7Egu1JYlZKtbs0HtU-fuQvV5TaWT7EteHaCIJbZ0NAYuIFK8kAvzcAaLBG6PP6aelZSPwZ8rxSqd-uutTmhGabkvvD05O9FazeL4oej3kY4ZCVDG8oxrRfAkIOy3Y9Qg7iFbcY_gFKbDbEd_V0yYgkXim4Rh3TBiDBGgw2gTKt2mxN5vk5wxIjz66b7d0D-FL4iFg4faBMSMDz1xQCINUr7jPVAlxHNFlR2c0VkDGveY3YbgfoJryJO6zrclMxsma0MlJPSKpIeun2b7P06hOrtvaEYfhBLjAeU_vwAX26LsDJWP7BtVPogm3pRkNsa02m0wY8PiXhZdm70EkeX_V5NtGl66bUgzAVdyOilBCBJJR6KUlS6Fj6evvKq4uYe9W1B47tRZHqURxY1cOer_zNVeyR5Y7feAzOT13TZLnM6bnHChjAbQsajRKvD_7zuUURstEg_ggK0XKsXGGj7_HjRNe-pbyBRVggIRifellZa68OR6cdEMkXjQz1128qZ5EPFAyefqKkZp5uoHKlSVqWUv6y-oy4fRvCh9ZyFwgn37uyk8T-OF-wYPx26uE6WpX3Zv3PNUKeDlypoSyzWu_4vRp0Mxincd-cilbGTU_Q&zp=etJ7yW53sv6RPhj3hy33etRb8jSlcuyHlvTwDB64DwpN5uafalN1iRrkD6RNxtCnzCUV-YU9EZlHvUV4vOS4SdB1RjZzd18XIfsRzfYgSYS3s8vrSMW8l9bdR_Mrk7s05P18jqQluio1VO6Kqqbfnew3fwKg9q7oXEUHRhD-mmB_7enUfS-AcF5pnH-GZmteCnyqCIPgJlwicVJmYa2uY_2x42826uF-rX5C9v60rIUSTLUburpo_KLpfP4JaHMnJYYe,0,2025-12-04T22:15:28.319497
Reddit r/programming,Patterns for Deploying OTel Collector at Scale,https://newsletter.signoz.io/p/patterns-for-deploying-otel-collector,7,2025-12-04T22:15:28.319590
Reddit r/programming,GitHub Wrapped 2025 | GitHub Unwrapp | Git Wrap,https://trygitwrap.com,15,2025-12-04T22:15:28.319684
Reddit r/programming,My Favorite Principle,https://codestyleandtaste.com/my-favorite-principle.html,48,2025-12-04T22:15:28.319774
